{"1": {"A": [[[2, 4, 11, 14], [14, 11, 2, 4], [14, 11, 4, 2], [4, 2, 11, 14]], 5.650281539], "B": [[[5, 13, 15, 7], [5, 7, 15, 13], [15, 13, 5, 7], [15, 7, 5, 13], [13, 5, 7, 15], [13, 15, 7, 5], [7, 5, 13, 15], [7, 15, 13, 5]], 6.0]}, "2": {"A": [[[2, 4, 11, 14], [14, 11, 2, 4], [14, 11, 4, 2], [4, 2, 11, 14]], 5.650281539], "B": [[[5, 13, 15, 7], [5, 7, 15, 13], [15, 13, 5, 7], [15, 7, 5, 13], [13, 5, 7, 15], [13, 15, 7, 5], [7, 5, 13, 15], [7, 15, 13, 5]], 6.0]}, "3": {"A": [[[2, 4, 11, 14], [14, 11, 2, 4], [14, 11, 4, 2], [4, 2, 11, 14]], 5.650281539], "B": [[[5, 13, 15, 7], [5, 7, 15, 13], [15, 13, 5, 7], [15, 7, 5, 13], [13, 5, 7, 15], [13, 15, 7, 5], [7, 5, 13, 15], [7, 15, 13, 5]], 6.0]}, "4": {"A": [[[2, 4, 11, 14], [14, 11, 2, 4], [14, 11, 4, 2], [4, 2, 11, 14]], 5.650281539], "B": [[[5, 13, 15, 7], [5, 7, 15, 13], [15, 13, 5, 7], [15, 7, 5, 13], [13, 5, 7, 15], [13, 15, 7, 5], [7, 5, 13, 15], [7, 15, 13, 5]], 6.0]}, "5": {"A": [[[8, 15, 10, 1], [1, 10, 15, 8]], 5.886349515999999], "B": [[[2, 7, 14, 16], [2, 7, 16, 14], [14, 16, 7, 2], [16, 14, 7, 2]], 5.650281539]}, "6": {"A": [[[8, 15, 10, 1], [1, 10, 15, 8]], 5.886349515999999], "B": [[[2, 7, 14, 16], [2, 7, 16, 14], [14, 16, 7, 2], [16, 14, 7, 2]], 5.650281539]}, "7": {"A": [[[8, 15, 10, 1], [1, 10, 15, 8]], 5.886349515999999], "B": [[[2, 7, 14, 16], [2, 7, 16, 14], [14, 16, 7, 2], [16, 14, 7, 2]], 5.650281539]}, "8": {"A": [[[8, 15, 10, 1], [1, 10, 15, 8]], 5.886349515999999], "B": [[[2, 7, 14, 16], [2, 7, 16, 14], [14, 16, 7, 2], [16, 14, 7, 2]], 5.650281539]}, "9": {"A": [[[3, 2, 10, 16], [16, 10, 2, 3]], 5.236067976999999], "B": [[[5, 14, 11, 4], [4, 11, 14, 5]], 5.886349515999999]}, "10": {"A": [[[3, 2, 10, 16], [16, 10, 2, 3]], 5.236067976999999], "B": [[[5, 14, 11, 4], [4, 11, 14, 5]], 5.886349515999999]}, "11": {"A": [[[3, 2, 10, 16], [16, 10, 2, 3]], 5.236067976999999], "B": [[[5, 14, 11, 4], [4, 11, 14, 5]], 5.886349515999999]}, "12": {"A": [[[3, 2, 10, 16], [16, 10, 2, 3]], 5.236067976999999], "B": [[[5, 14, 11, 4], [4, 11, 14, 5]], 5.886349515999999]}, "13": {"A": [[[9, 1, 7, 15], [15, 7, 9, 1], [15, 7, 1, 9], [1, 9, 15, 7], [1, 9, 7, 15], [7, 15, 9, 1]], 6.236067976999999], "B": [[[2, 4, 12, 10], [2, 10, 12, 4], [12, 4, 2, 10], [12, 10, 2, 4], [4, 2, 10, 12], [4, 12, 10, 2], [10, 2, 4, 12], [10, 12, 4, 2]], 6.0]}, "14": {"A": [[[9, 1, 7, 15], [15, 7, 9, 1], [15, 7, 1, 9], [1, 9, 15, 7], [1, 9, 7, 15], [7, 15, 9, 1]], 6.236067976999999], "B": [[[2, 4, 12, 10], [2, 10, 12, 4], [12, 4, 2, 10], [12, 10, 2, 4], [4, 2, 10, 12], [4, 12, 10, 2], [10, 2, 4, 12], [10, 12, 4, 2]], 6.0]}, "15": {"A": [[[9, 1, 7, 15], [15, 7, 9, 1], [15, 7, 1, 9], [1, 9, 15, 7], [1, 9, 7, 15], [7, 15, 9, 1]], 6.236067976999999], "B": [[[2, 4, 12, 10], [2, 10, 12, 4], [12, 4, 2, 10], [12, 10, 2, 4], [4, 2, 10, 12], [4, 12, 10, 2], [10, 2, 4, 12], [10, 12, 4, 2]], 6.0]}, "16": {"A": [[[9, 1, 7, 15], [15, 7, 9, 1], [15, 7, 1, 9], [1, 9, 15, 7], [1, 9, 7, 15], [7, 15, 9, 1]], 6.236067976999999], "B": [[[2, 4, 12, 10], [2, 10, 12, 4], [12, 4, 2, 10], [12, 10, 2, 4], [4, 2, 10, 12], [4, 12, 10, 2], [10, 2, 4, 12], [10, 12, 4, 2]], 6.0]}, "17": {"A": [[[3, 1, 9, 11], [3, 11, 9, 1], [9, 1, 3, 11], [9, 11, 3, 1], [1, 3, 11, 9], [1, 9, 11, 3], [11, 3, 1, 9], [11, 9, 1, 3]], 6.0], "B": [[[2, 10, 8, 16], [2, 10, 16, 8], [8, 16, 10, 2], [16, 8, 2, 10], [16, 8, 10, 2], [10, 2, 8, 16]], 6.236067976999999]}, "18": {"A": [[[3, 1, 9, 11], [3, 11, 9, 1], [9, 1, 3, 11], [9, 11, 3, 1], [1, 3, 11, 9], [1, 9, 11, 3], [11, 3, 1, 9], [11, 9, 1, 3]], 6.0], "B": [[[2, 10, 8, 16], [2, 10, 16, 8], [8, 16, 10, 2], [16, 8, 2, 10], [16, 8, 10, 2], [10, 2, 8, 16]], 6.236067976999999]}, "19": {"A": [[[3, 1, 9, 11], [3, 11, 9, 1], [9, 1, 3, 11], [9, 11, 3, 1], [1, 3, 11, 9], [1, 9, 11, 3], [11, 3, 1, 9], [11, 9, 1, 3]], 6.0], "B": [[[2, 10, 8, 16], [2, 10, 16, 8], [8, 16, 10, 2], [16, 8, 2, 10], [16, 8, 10, 2], [10, 2, 8, 16]], 6.236067976999999]}, "20": {"A": [[[3, 1, 9, 11], [3, 11, 9, 1], [9, 1, 3, 11], [9, 11, 3, 1], [1, 3, 11, 9], [1, 9, 11, 3], [11, 3, 1, 9], [11, 9, 1, 3]], 6.0], "B": [[[2, 10, 8, 16], [2, 10, 16, 8], [8, 16, 10, 2], [16, 8, 2, 10], [16, 8, 10, 2], [10, 2, 8, 16]], 6.236067976999999]}, "21": {"A": [[[14, 11, 3, 1], [1, 3, 11, 14]], 5.4142135620000005], "B": [[[8, 6, 15, 13], [8, 6, 13, 15], [15, 13, 6, 8], [13, 15, 8, 6], [13, 15, 6, 8], [6, 8, 15, 13]], 6.236067976999999]}, "22": {"A": [[[14, 11, 3, 1], [1, 3, 11, 14]], 5.4142135620000005], "B": [[[8, 6, 15, 13], [8, 6, 13, 15], [15, 13, 6, 8], [13, 15, 8, 6], [13, 15, 6, 8], [6, 8, 15, 13]], 6.236067976999999]}, "23": {"A": [[[14, 11, 3, 1], [1, 3, 11, 14]], 5.4142135620000005], "B": [[[8, 6, 15, 13], [8, 6, 13, 15], [15, 13, 6, 8], [13, 15, 8, 6], [13, 15, 6, 8], [6, 8, 15, 13]], 6.236067976999999]}, "24": {"A": [[[14, 11, 3, 1], [1, 3, 11, 14]], 5.4142135620000005], "B": [[[8, 6, 15, 13], [8, 6, 13, 15], [15, 13, 6, 8], [13, 15, 8, 6], [13, 15, 6, 8], [6, 8, 15, 13]], 6.236067976999999]}}