{"1": {"A": [[[2, 14, 11, 4], [2, 4, 11, 14], [14, 2, 4, 11], [14, 11, 4, 2], [4, 2, 14, 11], [4, 11, 14, 2], [11, 14, 2, 4], [11, 4, 2, 14]], 8.650281539], "B": [[[5, 13, 15, 7], [5, 7, 15, 13], [15, 13, 5, 7], [15, 7, 5, 13], [13, 5, 7, 15], [13, 15, 7, 5], [7, 5, 13, 15], [7, 15, 13, 5]], 8.0]}, "2": {"A": [[[2, 14, 11, 4], [2, 4, 11, 14], [14, 2, 4, 11], [14, 11, 4, 2], [4, 2, 14, 11], [4, 11, 14, 2], [11, 14, 2, 4], [11, 4, 2, 14]], 8.650281539], "B": [[[5, 13, 15, 7], [5, 7, 15, 13], [15, 13, 5, 7], [15, 7, 5, 13], [13, 5, 7, 15], [13, 15, 7, 5], [7, 5, 13, 15], [7, 15, 13, 5]], 8.0]}, "3": {"A": [[[2, 14, 11, 4], [2, 4, 11, 14], [14, 2, 4, 11], [14, 11, 4, 2], [4, 2, 14, 11], [4, 11, 14, 2], [11, 14, 2, 4], [11, 4, 2, 14]], 8.650281539], "B": [[[5, 13, 15, 7], [5, 7, 15, 13], [15, 13, 5, 7], [15, 7, 5, 13], [13, 5, 7, 15], [13, 15, 7, 5], [7, 5, 13, 15], [7, 15, 13, 5]], 8.0]}, "4": {"A": [[[2, 14, 11, 4], [2, 4, 11, 14], [14, 2, 4, 11], [14, 11, 4, 2], [4, 2, 14, 11], [4, 11, 14, 2], [11, 14, 2, 4], [11, 4, 2, 14]], 8.650281539], "B": [[[5, 13, 15, 7], [5, 7, 15, 13], [15, 13, 5, 7], [15, 7, 5, 13], [13, 5, 7, 15], [13, 15, 7, 5], [7, 5, 13, 15], [7, 15, 13, 5]], 8.0]}, "5": {"A": [[[8, 15, 10, 1], [8, 1, 10, 15], [15, 8, 1, 10], [15, 10, 1, 8], [1, 8, 15, 10], [1, 10, 15, 8], [10, 15, 8, 1], [10, 1, 8, 15]], 9.048627176], "B": [[[2, 14, 16, 7], [2, 7, 16, 14], [14, 2, 7, 16], [14, 16, 7, 2], [16, 14, 2, 7], [16, 7, 2, 14], [7, 2, 14, 16], [7, 16, 14, 2]], 8.650281539]}, "6": {"A": [[[8, 15, 10, 1], [8, 1, 10, 15], [15, 8, 1, 10], [15, 10, 1, 8], [1, 8, 15, 10], [1, 10, 15, 8], [10, 15, 8, 1], [10, 1, 8, 15]], 9.048627176], "B": [[[2, 14, 16, 7], [2, 7, 16, 14], [14, 2, 7, 16], [14, 16, 7, 2], [16, 14, 2, 7], [16, 7, 2, 14], [7, 2, 14, 16], [7, 16, 14, 2]], 8.650281539]}, "7": {"A": [[[8, 15, 10, 1], [8, 1, 10, 15], [15, 8, 1, 10], [15, 10, 1, 8], [1, 8, 15, 10], [1, 10, 15, 8], [10, 15, 8, 1], [10, 1, 8, 15]], 9.048627176], "B": [[[2, 14, 16, 7], [2, 7, 16, 14], [14, 2, 7, 16], [14, 16, 7, 2], [16, 14, 2, 7], [16, 7, 2, 14], [7, 2, 14, 16], [7, 16, 14, 2]], 8.650281539]}, "8": {"A": [[[8, 15, 10, 1], [8, 1, 10, 15], [15, 8, 1, 10], [15, 10, 1, 8], [1, 8, 15, 10], [1, 10, 15, 8], [10, 15, 8, 1], [10, 1, 8, 15]], 9.048627176], "B": [[[2, 14, 16, 7], [2, 7, 16, 14], [14, 2, 7, 16], [14, 16, 7, 2], [16, 14, 2, 7], [16, 7, 2, 14], [7, 2, 14, 16], [7, 16, 14, 2]], 8.650281539]}, "9": {"A": [[[2, 3, 16, 10], [2, 10, 16, 3], [3, 2, 10, 16], [3, 16, 10, 2], [16, 3, 2, 10], [16, 10, 2, 3], [10, 2, 3, 16], [10, 16, 3, 2]], 8.398345636999998], "B": [[[5, 14, 11, 4], [5, 4, 11, 14], [14, 5, 4, 11], [14, 11, 4, 5], [4, 5, 14, 11], [4, 11, 14, 5], [11, 14, 5, 4], [11, 4, 5, 14]], 9.048627176]}, "10": {"A": [[[2, 3, 16, 10], [2, 10, 16, 3], [3, 2, 10, 16], [3, 16, 10, 2], [16, 3, 2, 10], [16, 10, 2, 3], [10, 2, 3, 16], [10, 16, 3, 2]], 8.398345636999998], "B": [[[5, 14, 11, 4], [5, 4, 11, 14], [14, 5, 4, 11], [14, 11, 4, 5], [4, 5, 14, 11], [4, 11, 14, 5], [11, 14, 5, 4], [11, 4, 5, 14]], 9.048627176]}, "11": {"A": [[[2, 3, 16, 10], [2, 10, 16, 3], [3, 2, 10, 16], [3, 16, 10, 2], [16, 3, 2, 10], [16, 10, 2, 3], [10, 2, 3, 16], [10, 16, 3, 2]], 8.398345636999998], "B": [[[5, 14, 11, 4], [5, 4, 11, 14], [14, 5, 4, 11], [14, 11, 4, 5], [4, 5, 14, 11], [4, 11, 14, 5], [11, 14, 5, 4], [11, 4, 5, 14]], 9.048627176]}, "12": {"A": [[[2, 3, 16, 10], [2, 10, 16, 3], [3, 2, 10, 16], [3, 16, 10, 2], [16, 3, 2, 10], [16, 10, 2, 3], [10, 2, 3, 16], [10, 16, 3, 2]], 8.398345636999998], "B": [[[5, 14, 11, 4], [5, 4, 11, 14], [14, 5, 4, 11], [14, 11, 4, 5], [4, 5, 14, 11], [4, 11, 14, 5], [11, 14, 5, 4], [11, 4, 5, 14]], 9.048627176]}, "13": {"A": [[[9, 15, 7, 1], [9, 1, 7, 15], [15, 9, 1, 7], [15, 7, 1, 9], [1, 9, 15, 7], [1, 7, 15, 9], [7, 15, 9, 1], [7, 1, 9, 15]], 8.472135953999999], "B": [[[2, 4, 12, 10], [2, 10, 12, 4], [12, 4, 2, 10], [12, 10, 2, 4], [4, 2, 10, 12], [4, 12, 10, 2], [10, 2, 4, 12], [10, 12, 4, 2]], 8.0]}, "14": {"A": [[[9, 15, 7, 1], [9, 1, 7, 15], [15, 9, 1, 7], [15, 7, 1, 9], [1, 9, 15, 7], [1, 7, 15, 9], [7, 15, 9, 1], [7, 1, 9, 15]], 8.472135953999999], "B": [[[2, 4, 12, 10], [2, 10, 12, 4], [12, 4, 2, 10], [12, 10, 2, 4], [4, 2, 10, 12], [4, 12, 10, 2], [10, 2, 4, 12], [10, 12, 4, 2]], 8.0]}, "15": {"A": [[[9, 15, 7, 1], [9, 1, 7, 15], [15, 9, 1, 7], [15, 7, 1, 9], [1, 9, 15, 7], [1, 7, 15, 9], [7, 15, 9, 1], [7, 1, 9, 15]], 8.472135953999999], "B": [[[2, 4, 12, 10], [2, 10, 12, 4], [12, 4, 2, 10], [12, 10, 2, 4], [4, 2, 10, 12], [4, 12, 10, 2], [10, 2, 4, 12], [10, 12, 4, 2]], 8.0]}, "16": {"A": [[[9, 15, 7, 1], [9, 1, 7, 15], [15, 9, 1, 7], [15, 7, 1, 9], [1, 9, 15, 7], [1, 7, 15, 9], [7, 15, 9, 1], [7, 1, 9, 15]], 8.472135953999999], "B": [[[2, 4, 12, 10], [2, 10, 12, 4], [12, 4, 2, 10], [12, 10, 2, 4], [4, 2, 10, 12], [4, 12, 10, 2], [10, 2, 4, 12], [10, 12, 4, 2]], 8.0]}, "17": {"A": [[[3, 1, 9, 11], [3, 11, 9, 1], [9, 1, 3, 11], [9, 11, 3, 1], [1, 3, 11, 9], [1, 9, 11, 3], [11, 3, 1, 9], [11, 9, 1, 3]], 8.0], "B": [[[2, 8, 16, 10], [2, 10, 16, 8], [8, 2, 10, 16], [8, 16, 10, 2], [16, 8, 2, 10], [16, 10, 2, 8], [10, 2, 8, 16], [10, 16, 8, 2]], 8.472135953999999]}, "18": {"A": [[[3, 1, 9, 11], [3, 11, 9, 1], [9, 1, 3, 11], [9, 11, 3, 1], [1, 3, 11, 9], [1, 9, 11, 3], [11, 3, 1, 9], [11, 9, 1, 3]], 8.0], "B": [[[2, 8, 16, 10], [2, 10, 16, 8], [8, 2, 10, 16], [8, 16, 10, 2], [16, 8, 2, 10], [16, 10, 2, 8], [10, 2, 8, 16], [10, 16, 8, 2]], 8.472135953999999]}, "19": {"A": [[[3, 1, 9, 11], [3, 11, 9, 1], [9, 1, 3, 11], [9, 11, 3, 1], [1, 3, 11, 9], [1, 9, 11, 3], [11, 3, 1, 9], [11, 9, 1, 3]], 8.0], "B": [[[2, 8, 16, 10], [2, 10, 16, 8], [8, 2, 10, 16], [8, 16, 10, 2], [16, 8, 2, 10], [16, 10, 2, 8], [10, 2, 8, 16], [10, 16, 8, 2]], 8.472135953999999]}, "20": {"A": [[[3, 1, 9, 11], [3, 11, 9, 1], [9, 1, 3, 11], [9, 11, 3, 1], [1, 3, 11, 9], [1, 9, 11, 3], [11, 3, 1, 9], [11, 9, 1, 3]], 8.0], "B": [[[2, 8, 16, 10], [2, 10, 16, 8], [8, 2, 10, 16], [8, 16, 10, 2], [16, 8, 2, 10], [16, 10, 2, 8], [10, 2, 8, 16], [10, 16, 8, 2]], 8.472135953999999]}, "21": {"A": [[[3, 1, 14, 11], [3, 11, 14, 1], [14, 1, 3, 11], [14, 11, 3, 1], [1, 3, 11, 14], [1, 14, 11, 3], [11, 3, 1, 14], [11, 14, 1, 3]], 8.576491222], "B": [[[8, 15, 13, 6], [8, 6, 13, 15], [15, 8, 6, 13], [15, 13, 6, 8], [13, 15, 8, 6], [13, 6, 8, 15], [6, 8, 15, 13], [6, 13, 15, 8]], 8.472135953999999]}, "22": {"A": [[[3, 1, 14, 11], [3, 11, 14, 1], [14, 1, 3, 11], [14, 11, 3, 1], [1, 3, 11, 14], [1, 14, 11, 3], [11, 3, 1, 14], [11, 14, 1, 3]], 8.576491222], "B": [[[8, 15, 13, 6], [8, 6, 13, 15], [15, 8, 6, 13], [15, 13, 6, 8], [13, 15, 8, 6], [13, 6, 8, 15], [6, 8, 15, 13], [6, 13, 15, 8]], 8.472135953999999]}, "23": {"A": [[[3, 1, 14, 11], [3, 11, 14, 1], [14, 1, 3, 11], [14, 11, 3, 1], [1, 3, 11, 14], [1, 14, 11, 3], [11, 3, 1, 14], [11, 14, 1, 3]], 8.576491222], "B": [[[8, 15, 13, 6], [8, 6, 13, 15], [15, 8, 6, 13], [15, 13, 6, 8], [13, 15, 8, 6], [13, 6, 8, 15], [6, 8, 15, 13], [6, 13, 15, 8]], 8.472135953999999]}, "24": {"A": [[[3, 1, 14, 11], [3, 11, 14, 1], [14, 1, 3, 11], [14, 11, 3, 1], [1, 3, 11, 14], [1, 14, 11, 3], [11, 3, 1, 14], [11, 14, 1, 3]], 8.576491222], "B": [[[8, 15, 13, 6], [8, 6, 13, 15], [15, 8, 6, 13], [15, 13, 6, 8], [13, 15, 8, 6], [13, 6, 8, 15], [6, 8, 15, 13], [6, 13, 15, 8]], 8.472135953999999]}}